{"cameraMode":{"drawMode":0,"name":"Shaded","section":"Shading Mode"},"sceneLighting":true,"audioPlay":false,"sceneViewState":{"m_AlwaysRefresh":true,"showFog":true,"showSkybox":true,"showFlares":true,"showImageEffects":true,"showParticleSystems":true,"showVisualEffectGraphs":true,"m_FxEnabled":true},"in2DMode":false,"pivot":{"x":429.45440673828127,"y":159.6904296875,"z":73.84114074707031},"rotation":{"x":0.012309327721595765,"y":-0.0015115897404029966,"z":0.000016899010006454773,"w":0.9999428391456604},"size":490.66119384765627,"orthographic":false}